time stamp,pos x,pos y,pos z
0.02265572844414976,0.0,0.0,0.0
0.0627922846107225,0.0,0.0,0.0
0.10178053790181707,0.0,0.0,0.0
0.13827250532835933,0.0,0.0,0.0
0.17215839127233323,0.0,0.0,0.0
0.20602152164779852,0.0,0.0,0.0
0.24065208357096424,0.0,0.0,0.0
0.2741468581813251,0.0,0.0,0.0
0.31397763639616727,0.0,0.0,0.0
0.3541315436837209,0.0,0.0,0.0
0.3969054702395596,0.0,0.0,0.0
0.43631185710185605,0.0,0.0,0.0
